id;name;phone;passport
0;empty;0;0
10001;Иванов Иван;+79123456789;1234 567890
10002;Петров Петр;+79234567891;2345 678901
10003;Сидоров Алексей;+79345678912;3456 789012
10004;Козлова Мария;+79456789123;4567 890123
10005;Николаева Ольга;+79567891234;5678 901234
10006;Смирнов Дмитрий;+79678912345;6789 012345
10007;Кузнецова Екатерина;+79789123456;7890 123456
10008;Морозов Александр;+79891234567;8901 234567
10009;Волков Владимир;+79912345678;9012 345678
10010;Захарова Евгения;+79012345678;0123 456789
10011;Соколова Анна;+79987654321;9876 543210
10012;Богданов Павел;+79876543219;8765 432109
10013;Поляков Игорь;+79765432198;7654 321098
10014;Киселева Наталья;+79654321987;6543 210987
10015;Семенова Елизавета;+79543219876;5432 109876
10016;Громов Михаил;+79432198765;4321 098765
10017;Денисова Светлана;+79321987654;3210 987654
10018;Лебедев Илья;+79219876543;2109 876543
10019;Куликов Артем;+79198765432;1098 765432
10020;Макарова Алина;+79098765432;0987 654321